id,type,specimen,proposes,min_age,max_age,agent,standpoint,frames_content,hedge,hedge_wording,negated,grounded_in,correction,applied_to,discriminates_between,discriminating_power,relation,source,label
pd:rf130_claim_alt_leprosy,DiagnosticClaim,pd:rf130,pd:leprosy,,,pd:schwarzTeam,po:ModernBiomedical,po:ModernBiomedical,po:Possible,,,,,,,,,pd:schwarz2013,Leprosy entertained as a differential diagnosis for Refshale 130
pd:rf130_claim_alt_tuberculosis,DiagnosticClaim,pd:rf130,pd:tuberculosis,,,pd:schwarzTeam,po:ModernBiomedical,po:ModernBiomedical,po:Possible,,,,,,,,,pd:schwarz2013,Tuberculosis entertained as a differential diagnosis for Refshale 130
pd:rf130_claim_boldsen,DiagnosticClaim,pd:rf130,,,,pd:boldsen,po:ModernBiomedical,po:ModernBiomedical,po:Probable,,,,,,,,,pd:boldsen2007,Boldsen's earlier analysis of Refshale for leprous bone changes
pd:rf130_claim_systemic,DiagnosticClaim,pd:rf130,pd:systemicDisease,,,pd:schwarzTeam,po:ModernBiomedical,po:ModernBiomedical,po:Probable,changes observed on nearly all the long bones indicate a systemic disease,,pd:rf130_obs_femur|pd:rf130_obs_fibula|pd:rf130_obs_humerus|pd:rf130_obs_radius|pd:rf130_obs_tibia,,,,,,pd:schwarz2013,A systemic disease proposed for Refshale 130
pd:rf130_claim_treponematosis,DiagnosticClaim,pd:rf130,pd:treponematosis,,,pd:schwarzTeam,po:ModernBiomedical,po:ModernBiomedical,po:Possible,"lesions consistent with treponemal disease are found on several long bones, but only those in skeleton 90 from St. Albani are indicative of treponemal infection",,pd:rf130_obs_femur|pd:rf130_obs_tibia,,,,,,pd:schwarz2013,"Treponemal disease entertained for Refshale 130, at a lower confidence than Sk. 90"
pd:sk90_claim_alt_fungal,DiagnosticClaim,pd:sk90,pd:fungalInfection,,,pd:schwarzTeam,po:ModernBiomedical,po:ModernBiomedical,po:Possible,,,,,,,,,pd:schwarz2013,Fungal infection entertained as a differential diagnosis
pd:sk90_claim_alt_leprosy,DiagnosticClaim,pd:sk90,pd:leprosy,,,pd:schwarzTeam,po:ModernBiomedical,po:ModernBiomedical,po:Possible,,,,,,,,,pd:schwarz2013,Leprosy entertained as a differential diagnosis
pd:sk90_claim_alt_osteomyelitis,DiagnosticClaim,pd:sk90,pd:pyogenicOsteomyelitis,,,pd:schwarzTeam,po:ModernBiomedical,po:ModernBiomedical,po:Possible,,,,,,,,,pd:schwarz2013,Pyogenic osteomyelitis entertained as a differential diagnosis
pd:sk90_claim_alt_pagets,DiagnosticClaim,pd:sk90,pd:pagetsDisease,,,pd:schwarzTeam,po:ModernBiomedical,po:ModernBiomedical,po:Possible,,,,,,,,,pd:schwarz2013,Paget's disease entertained as a differential diagnosis
pd:sk90_claim_alt_tuberculosis,DiagnosticClaim,pd:sk90,pd:tuberculosis,,,pd:schwarzTeam,po:ModernBiomedical,po:ModernBiomedical,po:Possible,,,,,,,,,pd:schwarz2013,Tuberculosis entertained as a differential diagnosis
pd:sk90_claim_alt_tumour,DiagnosticClaim,pd:sk90,pd:boneTumour,,,pd:schwarzTeam,po:ModernBiomedical,po:ModernBiomedical,po:Possible,,,,,,,,,pd:schwarz2013,Bone tumour entertained as a differential diagnosis
pd:sk90_claim_alt_venereal,DiagnosticClaim,pd:sk90,pd:venerealSyphilis,,,pd:schwarzTeam,po:ModernBiomedical,po:ModernBiomedical,po:Possible,"considering the climate and geography at the sites, venereal syphilis might be the treponemal disease causing the pathologies on the skeletal remains",,,,,,,,pd:schwarz2013,Pre-Columbian venereal syphilis entertained
pd:sk90_claim_harper,DiagnosticClaim,pd:sk90,,,,pd:harper,po:ModernBiomedical,po:ModernBiomedical,po:Probable,disproved most of the alleged pre-Columbian dates of single findings of syphilis from the Old World,,,,,,,,pd:harper2008,Harper et al.: most alleged pre-Columbian syphilis dates disproved
pd:sk90_claim_ortner,DiagnosticClaim,pd:sk90,,,,pd:ortner,po:ModernBiomedical,po:ModernBiomedical,po:Tentative,the presence of syphilis in the Old World before 1500 A.D. remains a very contentious issue,,,,,,,,pd:ortner2011,Ortner: pre-1500 Old World syphilis remains contentious
pd:sk90_claim_preColumbian,DiagnosticClaim,pd:sk90,pd:treponematosis,,,pd:schwarzTeam,po:ModernBiomedical,po:ModernBiomedical,po:Certain,"St. Albani 90 is for sure pre-Columbian, and has therefore full potential to be a pre-Columbian case of treponemal infection",,pd:sk90_obs_isotopes|pd:sk90_obs_radiocarbon,,,,,cito:agreesWith>pd:sk90_claim_harper;cito:disagreesWith>pd:sk90_claim_ortner,pd:schwarz2013,Sk. 90 asserted as a pre-Columbian case of treponemal infection
pd:sk90_claim_treponematosis,DiagnosticClaim,pd:sk90,pd:treponematosis,,,pd:schwarzTeam,po:ModernBiomedical,po:ModernBiomedical,po:Probable,only those in skeleton 90 from St. Albani are indicative of treponemal infection,,pd:sk90_obs_femur|pd:sk90_obs_humerus|pd:sk90_obs_parietal|pd:sk90_obs_parietal_ct|pd:sk90_obs_tibia,,,,,,pd:schwarz2013,Treponemal infection proposed for Sk. 90
pd:rf130_reject_leprosy,RejectionClaim,pd:rf130,pd:rf130_claim_alt_leprosy,,,pd:schwarzTeam,po:ModernBiomedical,po:ModernBiomedical,po:Probable,none of the five skeletons described in this paper shows any lesions diagnostic of leprosy,,pd:rf130_obs_radius|pd:rf130_obs_tibia,,,,,cito:agreesWith>pd:rf130_claim_boldsen,pd:schwarz2013,Leprosy rejected for Refshale 130
pd:rf130_reject_tuberculosis,RejectionClaim,pd:rf130,pd:rf130_claim_alt_tuberculosis,,,pd:schwarzTeam,po:ModernBiomedical,po:ModernBiomedical,po:Probable,tuberculosis is usually affecting the spine and the inner table of the cranium while hypertrophic expansion of the long bones is described as unusual,,pd:rf130_obs_femur|pd:rf130_obs_humerus,,,,,,pd:schwarz2013,Tuberculosis rejected for Refshale 130
pd:sk90_reject_armPositionDate,RejectionClaim,pd:sk90,pd:sk90_claim_date_armPosition,,,pd:schwarzTeam,po:ModernBiomedical,po:ModernBiomedical,po:Probable,this fact points to an error in the archaeological date by arm position (AD 1250–1400) as compared to reliable radiocarbon date of calAD 1443–1466,,pd:sk90_obs_isotopes,,,,,,pd:schwarz2013,The arm-position date for Sk. 90 is rejected in favour of the radiocarbon date
pd:sk90_reject_fungal,RejectionClaim,pd:sk90,pd:sk90_claim_alt_fungal,,,pd:schwarzTeam,po:ModernBiomedical,po:ModernBiomedical,po:Possible,hypertrophic lesions are also unlikely for a fungal infection,,pd:sk90_obs_humerus,,,,,,pd:schwarz2013,Fungal infection rejected
pd:sk90_reject_leprosy,RejectionClaim,pd:sk90,pd:sk90_claim_alt_leprosy,,,pd:schwarzTeam,po:ModernBiomedical,po:ModernBiomedical,po:Probable,none of the five skeletons described in this paper shows any lesions diagnostic of leprosy,,pd:sk90_obs_parietal|pd:sk90_obs_tibia,,,,,,pd:schwarz2013,Leprosy rejected
pd:sk90_reject_osteomyelitis,RejectionClaim,pd:sk90,pd:sk90_claim_alt_osteomyelitis,,,pd:schwarzTeam,po:ModernBiomedical,po:ModernBiomedical,po:Probable,"changes caused by pyogenic osteomyelitis are characterized by cloacae and sequestrate, but usually do not involve multiple skeletal elements",,pd:sk90_obs_femur|pd:sk90_obs_humerus|pd:sk90_obs_tibia,,,,,,pd:schwarz2013,Pyogenic osteomyelitis rejected
pd:sk90_reject_pagets,RejectionClaim,pd:sk90,pd:sk90_claim_alt_pagets,,,pd:schwarzTeam,po:ModernBiomedical,po:ModernBiomedical,po:Probable,"Paget's disease is excluded for the cases described here, because no marble-like bone thickening was present on the CT scans",,pd:sk90_obs_parietal_ct,,,,,,pd:schwarz2013,Paget's disease rejected
pd:sk90_reject_tuberculosis,RejectionClaim,pd:sk90,pd:sk90_claim_alt_tuberculosis,,,pd:schwarzTeam,po:ModernBiomedical,po:ModernBiomedical,po:Probable,tuberculosis is usually affecting the spine and the inner table of the cranium while hypertrophic expansion of the long bones is described as unusual,,pd:sk90_obs_femur|pd:sk90_obs_humerus,,,,,,pd:schwarz2013,Tuberculosis rejected
pd:sk90_reject_tumour,RejectionClaim,pd:sk90,pd:sk90_claim_alt_tumour,,,pd:schwarzTeam,po:ModernBiomedical,po:ModernBiomedical,po:Probable,"changes associated with bone tumours are solitary, lytic lesions and periosteal reactions in the radiological image",,pd:sk90_obs_parietal_ct,,,,,,pd:schwarz2013,Bone tumour rejected
pd:sk90_reject_venereal,RejectionClaim,pd:sk90,pd:sk90_claim_alt_venereal,,,pd:schwarzTeam,po:ModernBiomedical,po:ModernBiomedical,po:Probable,the hypothesis that pre-Columbian venereal syphilis existed among the analysed skeletal material is rejected with the help of various archaeometric analyses,,pd:sk90_obs_parietal|pd:sk90_obs_tibia,,,,,,pd:schwarz2013,Pre-Columbian venereal syphilis rejected
pd:rf130_claim_date_armPosition,DatingClaim,pd:rf130,pd:rf130_interval_armPosition,,,pd:schwarzTeam,po:ModernBiomedical,po:ModernBiomedical,po:Possible,,,pd:rf130_obs_armPosition,,,,,,pd:schwarz2013,Archaeological date of Refshale 130 by arm position
pd:rf130_claim_date_c14,DatingClaim,pd:rf130,pd:rf130_interval_c14|pd:rf130_interval_c14_95,,,pd:schwarzTeam,po:ModernBiomedical,po:ModernBiomedical,po:Probable,the skeleton is radiocarbon dated to calAD 1160–1212 at ± 1 sigma,,pd:rf130_obs_isotopes|pd:rf130_obs_radiocarbon,pd:marineCorrection,,,,,pd:schwarz2013,"Radiocarbon date of Refshale 130, marine-corrected (45 years, 13 % marine diet)"
pd:sk90_claim_date_armPosition,DatingClaim,pd:sk90,pd:sk90_interval_armPosition,,,pd:schwarzTeam,po:ModernBiomedical,po:ModernBiomedical,po:Possible,the observed arm position dates the individual to between AD 1250–1400,,pd:sk90_obs_armPosition,,,,,,pd:schwarz2013,Archaeological date of Sk. 90 by arm position
pd:sk90_claim_date_c14,DatingClaim,pd:sk90,pd:sk90_interval_c14_corrected,,,pd:schwarzTeam,po:ModernBiomedical,po:ModernBiomedical,po:Certain,the radiocarbon age for this individual can be considered to be completely reliable,,pd:sk90_obs_isotopes|pd:sk90_obs_radiocarbon,pd:marineCorrection,,,,cito:updates>pd:sk90_claim_date_armPosition,pd:schwarz2013,"Radiocarbon date of Sk. 90, marine-corrected"
pd:rf130_claim_age,AgeClaim,pd:rf130,,24,46,pd:schwarzTeam,po:ModernBiomedical,po:ModernBiomedical,po:Probable,transition analysis suggests an age between 24.7 to 46.4 years with a maximum likelihood of 32.9 years,,pd:rf130_obs_transition,,,,,,pd:schwarz2013,Age at death of Refshale 130 estimated at 24.7–46.4 years
pd:sk90_claim_age,AgeClaim,pd:sk90,,15,23,pd:schwarzTeam,po:ModernBiomedical,po:ModernBiomedical,po:Probable,the lowest possible age was 15 years while the upper end estimate was 22.7 years at a level of 95% confidence,,pd:sk90_obs_epiphyses|pd:sk90_obs_transition,,,,,,pd:schwarz2013,Age at death of Sk. 90 estimated at 15–22.7 years (late-juvenile to early-adult)
pd:rf130_claim_noMercuryTreatment,TreatmentClaim,pd:rf130,pd:mercuryTreatment,,,pd:schwarzTeam,po:ModernBiomedical,po:MedievalHumoral,po:Probable,"these individuals were not exposed to high amounts of Hg during their life, but exhibit Hg concentrations typical for the non-exposed individuals",true,pd:rf130_obs_mercury,,,,,,pd:schwarz2013,Treatment with Hg-containing medicine DENIED for Refshale 130
pd:sk90_claim_mercuryTreatment,TreatmentClaim,pd:sk90,pd:mercuryTreatment,,,pd:schwarzTeam,po:ModernBiomedical,po:MedievalHumoral,po:Probable,they have apparently been treated with Hg-containing medicine,,pd:sk90_obs_mercury,,,,,,pd:schwarz2013,Treatment with Hg-containing medicine proposed for Sk. 90
pd:meth_archaeometry,MethodologicalClaim,,pd:radiocarbon,,,pd:schwarzTeam,po:ModernBiomedical,po:ModernBiomedical,po:Certain,the results of the archaeometric analyses applied here cannot elucidate the origin of the probable treponemal bone lesions,,,,pd:rf130|pd:sk90,pd:treponematosis,po:Inconclusive,,pd:schwarz2013,Archaeometric analysis cannot establish the origin of the lesions
pd:meth_armPosition,MethodologicalClaim,,pd:armPosition,,,pd:schwarzTeam,po:ModernBiomedical,po:ModernBiomedical,po:Probable,"the arm position methodology has not been substantiated by scientific dating methods such as radiocarbon dating, dendrochronology or thermoluminescence",,,,,,po:Suggestive,,pd:schwarz2013,Arm-position dating is not substantiated by scientific dating methods
pd:meth_ct,MethodologicalClaim,,pd:ct,,,pd:schwarzTeam,po:ModernBiomedical,po:ModernBiomedical,po:Certain,neither X-ray nor CT-scanning can distinguish between the different causative agents of treponemal infection,,,,,pd:treponematosis|pd:venerealSyphilis,po:Inconclusive,,pd:schwarz2013,CT cannot separate the causative agents of treponemal infection
pd:meth_macroscopic,MethodologicalClaim,,pd:macroscopic,,,pd:schwarzTeam,po:ModernBiomedical,po:ModernBiomedical,po:Certain,the bone lesions of the three treponematoses affecting the skeleton are not distinguishable from each other,,,,,pd:treponematosis|pd:venerealSyphilis,po:Inconclusive,,pd:schwarz2013,Macroscopic examination cannot separate the three treponematoses
pd:meth_mercury,MethodologicalClaim,,pd:cvaas,,,pd:schwarzTeam,po:ModernBiomedical,po:ModernBiomedical,po:Probable,the Hg analysis is found to be a helpful tool when analysing skeletal remains from the medieval times for pathologies,,,,,,po:Suggestive,,pd:schwarz2013,Mercury analysis is a helpful but not decisive tool
pd:rf130_claim_accordance,MethodologicalClaim,,pd:radiocarbon,,,pd:schwarzTeam,po:ModernBiomedical,po:ModernBiomedical,po:Probable,only in the case of burial 130 from Refshale is seen a complete accordance,,,,pd:rf130,,po:Suggestive,,pd:schwarz2013,The paper claims complete accordance between the two dates for Refshale 130
pd:sk89_claim_treponematosis,DiagnosticClaim,pd:sk89,pd:treponematosis,,,pd:schwarzTeam,po:ModernBiomedical,po:ModernBiomedical,po:Possible,"lesions consistent with treponemal disease are found on several long bones, but only those in skeleton 90 from St. Albani are indicative of treponemal infection",,pd:sk89_obs_tibia|pd:sk89_obs_tibia_cavitation|pd:sk89_obs_tibia_ct,,,,,,pd:schwarz2013,"Treponemal disease entertained for Sk. 89, below the confidence granted to Sk. 90"
pd:sk89_claim_age,AgeClaim,pd:sk89,,20,60,pd:schwarzTeam,po:ModernBiomedical,po:ModernBiomedical,po:Tentative,"only the postcranial skeleton is present, which made ageing and sexing the individual difficult",,pd:sk89_obs_tibia,,,,,,pd:schwarz2013,"Age at death of Sk. 89 given only as adult; the bounds recorded here are the study's adult category, not a measured estimate"
pd:sk89_claim_date_c14,DatingClaim,pd:sk89,pd:sk89_interval_c14|pd:sk89_interval_c14_95,,,pd:schwarzTeam,po:ModernBiomedical,po:ModernBiomedical,po:Probable,"no arm position was observed, but radiocarbon dating gave a calibrated age interval of AD 1435-1456 (1 sigma), which is an accurate radiocarbon date",,pd:sk89_obs_radiocarbon|pd:sk89_obs_isotopes,pd:marineCorrection,,,,,pd:schwarz2013,"Radiocarbon date of Sk. 89, marine-corrected; no archaeological date exists for this burial"
pd:sk89_claim_mercuryTreatment,TreatmentClaim,pd:sk89,pd:mercuryTreatment,,,pd:schwarzTeam,po:ModernBiomedical,po:MedievalHumoral,po:Probable,they have apparently been treated with Hg-containing medicine,,pd:sk89_obs_mercury,,,,,,pd:schwarz2013,Treatment with Hg-containing medicine proposed for Sk. 89
pd:sk94_claim_treponematosis,DiagnosticClaim,pd:sk94,pd:treponematosis,,,pd:schwarzTeam,po:ModernBiomedical,po:ModernBiomedical,po:Possible,the documented lesions of three of them only meet the descriptions of Hackett's on-trial criteria,,pd:sk94_obs_tibia|pd:sk94_obs_tibia_ct|pd:sk94_obs_femur_ct,,,,,,pd:schwarz2013,Treponemal disease entertained for Sk. 94 on on-trial criteria only
pd:sk94_claim_age,AgeClaim,pd:sk94,,35,45,pd:schwarzTeam,po:ModernBiomedical,po:ModernBiomedical,po:Probable,the changes on the pubic symphysis as well as on the auricular surface are consistent with an individual who was 35-45 years old when he died,,pd:sk94_obs_pubicSymphysis,,,,,,pd:schwarz2013,Age at death of Sk. 94 estimated at 35-45 years
pd:sk94_claim_date_armPosition,DatingClaim,pd:sk94,pd:sk94_interval_armPosition,,,pd:schwarzTeam,po:ModernBiomedical,po:ModernBiomedical,po:Possible,arm position B places the burial in between AD 1250-1400,,pd:sk94_obs_armPosition,,,,,,pd:schwarz2013,"Archaeological date of Sk. 94 by arm position. Table 2 records 1250-1350 for the same burial; the body text value is the one modelled here, and the difference is in the source"
pd:sk94_claim_date_c14,DatingClaim,pd:sk94,pd:sk94_interval_c14|pd:sk94_interval_c14_late,,,pd:schwarzTeam,po:ModernBiomedical,po:ModernBiomedical,po:Possible,"radiocarbon age indicates a younger age, calAD 1453-1494 (1 sigma), but could also be as late as calAD 1602-1614",,pd:sk94_obs_radiocarbon|pd:sk94_obs_isotopes,pd:marineCorrection,,,,cito:updates>pd:sk94_claim_date_armPosition,pd:schwarz2013,"Radiocarbon date of Sk. 94, marine-corrected, with two calibration ranges two centuries apart"
pd:sk94_claim_mercuryTreatment,TreatmentClaim,pd:sk94,pd:mercuryTreatment,,,pd:schwarzTeam,po:ModernBiomedical,po:MedievalHumoral,po:Probable,they have apparently been treated with Hg-containing medicine,,pd:sk94_obs_mercury,,,,,,pd:schwarz2013,Treatment with Hg-containing medicine proposed for Sk. 94
pd:tp292_claim_treponematosis,DiagnosticClaim,pd:tp292,pd:treponematosis,,,pd:schwarzTeam,po:ModernBiomedical,po:ModernBiomedical,po:Probable,the changes on the frontal as well as the nasal bones are regarded as diagnostic for treponemal disease,,pd:tp292_obs_frontal|pd:tp292_obs_nasal|pd:tp292_obs_frontal_ct,,,,,,pd:schwarz2013,"Treponemal disease proposed for Tirup 292 on diagnostic, not on-trial, criteria"
pd:tp292_claim_alt_bejel,DiagnosticClaim,pd:tp292,pd:bejel,,,pd:schwarzTeam,po:ModernBiomedical,po:ModernBiomedical,po:Possible,"these changes are regarded as diagnostic for treponemal disease, but can also occur in bejel and yaws",,pd:tp292_obs_frontal,,,,,,pd:schwarz2013,"Bejel left open as an alternative for Tirup 292, entertained and never rejected"
pd:tp292_claim_alt_yaws,DiagnosticClaim,pd:tp292,pd:yaws,,,pd:schwarzTeam,po:ModernBiomedical,po:ModernBiomedical,po:Possible,"these changes are regarded as diagnostic for treponemal disease, but can also occur in bejel and yaws",,pd:tp292_obs_frontal,,,,,,pd:schwarz2013,"Yaws left open as an alternative for Tirup 292, entertained and never rejected"
pd:tp292_claim_age,AgeClaim,pd:tp292,,20,24,pd:schwarzTeam,po:ModernBiomedical,po:ModernBiomedical,po:Probable,the individual from burial 292 from Tirup cemetery was most likely a female around 20-24 years,,,,,,,,pd:schwarz2013,Age at death of Tirup 292 estimated at 20-24 years
pd:tp292_claim_date_armPosition,DatingClaim,pd:tp292,pd:tp292_interval_armPosition,,,pd:schwarzTeam,po:ModernBiomedical,po:ModernBiomedical,po:Certain,this cemetery has been studied extensively and has been archaeologically dated prior to 1493 with certainty,,pd:tp292_obs_armPosition,,,,,,pd:schwarz2013,"Archaeological date of Tirup 292. No radiocarbon date exists for this cemetery, so this specimen carries no dating disagreement"
pd:tp292_claim_noMercuryTreatment,TreatmentClaim,pd:tp292,pd:mercuryTreatment,,,pd:schwarzTeam,po:ModernBiomedical,po:MedievalHumoral,po:Probable,"these individuals were not exposed to high amounts of Hg during their life, but exhibit Hg concentrations typical for the non-exposed individuals",true,pd:tp292_obs_mercury,,,,,,pd:schwarz2013,Treatment with Hg-containing medicine DENIED for Tirup 292
pd:sk89_claim_alt_leprosy,DiagnosticClaim,pd:sk89,pd:leprosy,,,pd:schwarzTeam,po:ModernBiomedical,po:ModernBiomedical,po:Possible,,,,,,,,,pd:schwarz2013,Leprosy entertained as a differential diagnosis for sk89
pd:sk89_reject_leprosy,RejectionClaim,pd:sk89,pd:sk89_claim_alt_leprosy,,,pd:schwarzTeam,po:ModernBiomedical,po:ModernBiomedical,po:Probable,none of the five skeletons described in this paper shows any lesions diagnostic of leprosy,,pd:sk89_obs_tibia,,,,,,pd:schwarz2013,Leprosy rejected for sk89
pd:sk89_claim_alt_tuberculosis,DiagnosticClaim,pd:sk89,pd:tuberculosis,,,pd:schwarzTeam,po:ModernBiomedical,po:ModernBiomedical,po:Possible,,,,,,,,,pd:schwarz2013,Tuberculosis entertained as a differential diagnosis for sk89
pd:sk89_reject_tuberculosis,RejectionClaim,pd:sk89,pd:sk89_claim_alt_tuberculosis,,,pd:schwarzTeam,po:ModernBiomedical,po:ModernBiomedical,po:Probable,tuberculosis is usually affecting the spine and the inner table of the cranium while hypertrophic expansion of the long bones is described as unusual,,pd:sk89_obs_tibia,,,,,,pd:schwarz2013,Tuberculosis rejected for sk89
pd:sk94_claim_alt_leprosy,DiagnosticClaim,pd:sk94,pd:leprosy,,,pd:schwarzTeam,po:ModernBiomedical,po:ModernBiomedical,po:Possible,,,,,,,,,pd:schwarz2013,Leprosy entertained as a differential diagnosis for sk94
pd:sk94_reject_leprosy,RejectionClaim,pd:sk94,pd:sk94_claim_alt_leprosy,,,pd:schwarzTeam,po:ModernBiomedical,po:ModernBiomedical,po:Probable,none of the five skeletons described in this paper shows any lesions diagnostic of leprosy,,pd:sk94_obs_tibia,,,,,,pd:schwarz2013,Leprosy rejected for sk94
pd:sk94_claim_alt_tuberculosis,DiagnosticClaim,pd:sk94,pd:tuberculosis,,,pd:schwarzTeam,po:ModernBiomedical,po:ModernBiomedical,po:Possible,,,,,,,,,pd:schwarz2013,Tuberculosis entertained as a differential diagnosis for sk94
pd:sk94_reject_tuberculosis,RejectionClaim,pd:sk94,pd:sk94_claim_alt_tuberculosis,,,pd:schwarzTeam,po:ModernBiomedical,po:ModernBiomedical,po:Probable,tuberculosis is usually affecting the spine and the inner table of the cranium while hypertrophic expansion of the long bones is described as unusual,,pd:sk94_obs_tibia,,,,,,pd:schwarz2013,Tuberculosis rejected for sk94
pd:tp292_claim_alt_leprosy,DiagnosticClaim,pd:tp292,pd:leprosy,,,pd:schwarzTeam,po:ModernBiomedical,po:ModernBiomedical,po:Possible,,,,,,,,,pd:schwarz2013,Leprosy entertained as a differential diagnosis for tp292
pd:tp292_reject_leprosy,RejectionClaim,pd:tp292,pd:tp292_claim_alt_leprosy,,,pd:schwarzTeam,po:ModernBiomedical,po:ModernBiomedical,po:Probable,none of the five skeletons described in this paper shows any lesions diagnostic of leprosy,,pd:tp292_obs_frontal,,,,,,pd:schwarz2013,Leprosy rejected for tp292
pd:tp292_claim_alt_tuberculosis,DiagnosticClaim,pd:tp292,pd:tuberculosis,,,pd:schwarzTeam,po:ModernBiomedical,po:ModernBiomedical,po:Possible,,,,,,,,,pd:schwarz2013,Tuberculosis entertained as a differential diagnosis for tp292
pd:tp292_reject_tuberculosis,RejectionClaim,pd:tp292,pd:tp292_claim_alt_tuberculosis,,,pd:schwarzTeam,po:ModernBiomedical,po:ModernBiomedical,po:Probable,tuberculosis is usually affecting the spine and the inner table of the cranium while hypertrophic expansion of the long bones is described as unusual,,pd:tp292_obs_frontal,,,,,,pd:schwarz2013,Tuberculosis rejected for tp292
pd:meth_freshwater,MethodologicalClaim,,pd:radiocarbon,,,pd:schwarzTeam,po:ModernBiomedical,po:ModernBiomedical,po:Possible,"the radiocarbon ages of all three individuals can therefore be younger than the ages quoted here, which is without a freshwater reservoir correction; it is therefore possible that all three individuals can have died after 1493",,,,pd:sk89|pd:sk94|pd:rf130,pd:treponematosis,po:Inconclusive,,pd:schwarz2013,"No freshwater reservoir correction could be calculated, so the radiocarbon ages of Sk. 89, Sk. 94 and Refshale 130 may be too old and those individuals may postdate 1493"
pd:tp292_claim_preColumbian,DiagnosticClaim,pd:tp292,pd:treponematosis,,,pd:schwarzTeam,po:ModernBiomedical,po:ModernBiomedical,po:Certain,"the results of our analyses show that those two, Tirup 292 and St. Albani 90, can be securely dated to pre-Columbian times",,pd:tp292_obs_armPosition,,,,,,pd:schwarz2013,Tirup 292 asserted as a securely pre-Columbian case of treponemal infection
